<?xml version="1.0" encoding="UTF-8"?>
<root>
  <item name="com.afollestad.appthemeengine.Config com.afollestad.appthemeengine.Config lightStatusBarMode(int) 0">
    <annotation name="android.support.annotation.IntDef">
      <val name="value" val="{com.afollestad.appthemeengine.Config.LIGHT_STATUS_BAR_OFF, com.afollestad.appthemeengine.Config.LIGHT_STATUS_BAR_ON, com.afollestad.appthemeengine.Config.LIGHT_STATUS_BAR_AUTO}" />
    </annotation>
  </item>
  <item name="com.afollestad.appthemeengine.Config com.afollestad.appthemeengine.Config lightToolbarMode(int) 0">
    <annotation name="android.support.annotation.IntDef">
      <val name="value" val="{com.afollestad.appthemeengine.Config.LIGHT_TOOLBAR_OFF, com.afollestad.appthemeengine.Config.LIGHT_TOOLBAR_ON, com.afollestad.appthemeengine.Config.LIGHT_TOOLBAR_AUTO}" />
    </annotation>
  </item>
  <item name="com.afollestad.appthemeengine.Config int lightStatusBarMode(android.content.Context, java.lang.String)">
    <annotation name="android.support.annotation.IntDef">
      <val name="value" val="{com.afollestad.appthemeengine.Config.LIGHT_STATUS_BAR_OFF, com.afollestad.appthemeengine.Config.LIGHT_STATUS_BAR_ON, com.afollestad.appthemeengine.Config.LIGHT_STATUS_BAR_AUTO}" />
    </annotation>
  </item>
  <item name="com.afollestad.appthemeengine.Config int lightToolbarMode(android.content.Context, java.lang.String)">
    <annotation name="android.support.annotation.IntDef">
      <val name="value" val="{com.afollestad.appthemeengine.Config.LIGHT_TOOLBAR_OFF, com.afollestad.appthemeengine.Config.LIGHT_TOOLBAR_ON, com.afollestad.appthemeengine.Config.LIGHT_TOOLBAR_AUTO}" />
    </annotation>
  </item>
  <item name="com.afollestad.appthemeengine.ConfigInterface com.afollestad.appthemeengine.Config lightStatusBarMode(int) 0">
    <annotation name="android.support.annotation.IntDef">
      <val name="value" val="{com.afollestad.appthemeengine.Config.LIGHT_STATUS_BAR_OFF, com.afollestad.appthemeengine.Config.LIGHT_STATUS_BAR_ON, com.afollestad.appthemeengine.Config.LIGHT_STATUS_BAR_AUTO}" />
    </annotation>
  </item>
  <item name="com.afollestad.appthemeengine.ConfigInterface com.afollestad.appthemeengine.Config lightToolbarMode(int) 0">
    <annotation name="android.support.annotation.IntDef">
      <val name="value" val="{com.afollestad.appthemeengine.Config.LIGHT_TOOLBAR_OFF, com.afollestad.appthemeengine.Config.LIGHT_TOOLBAR_ON, com.afollestad.appthemeengine.Config.LIGHT_TOOLBAR_AUTO}" />
    </annotation>
  </item>
</root>

